{"loss": [1.2350802421569824, 0.5468622446060181, 0.3583233058452606, 0.2891048789024353, 0.24954815208911896, 0.21176718175411224, 0.2107042819261551, 0.1619953066110611, 0.2769036591053009, 0.135284423828125, 0.1236257404088974, 0.11224161833524704, 0.1565299779176712, 0.13397791981697083, 0.08611531555652618, 0.07614126056432724, 0.09860925376415253, 0.12272578477859497, 0.09161671251058578, 0.1750667840242386, 0.0798659473657608, 0.06974528729915619, 0.22436805069446564, 0.08182790130376816, 0.09043580293655396, 0.08030567318201065, 0.08684346824884415, 0.10185259580612183, 0.0983867272734642, 0.13099247217178345, 0.04967141151428223, 0.11945431679487228, 0.1273553967475891, 0.08013998717069626, 0.0660889521241188, 0.05359042435884476, 0.050753749907016754, 0.09772282093763351, 0.053009700030088425, 0.196112722158432, 0.9901583790779114, 0.12904363870620728, 0.05826439708471298, 0.17027871310710907, 0.1535196155309677, 0.05654807761311531, 0.4733320474624634, 0.04772558808326721, 0.18760128319263458, 0.15452705323696136], "accuracy": [0.43255814909935, 0.7313953638076782, 0.8383721113204956, 0.8842592835426331, 0.9116278886795044, 0.9178294539451599, 0.934108555316925, 0.9383720755577087, 0.9589147567749023, 0.9606481194496155, 0.9662790894508362, 0.9666666388511658, 0.9627906680107117, 0.9705426096916199, 0.97364342212677, 0.9779070019721985, 0.9724805951118469, 0.9718364477157593, 0.9775193929672241, 0.9786821603775024, 0.9782945513725281, 0.984883725643158, 0.9678294658660889, 0.9786821603775024, 0.9817829728126526, 0.9775193929672241, 0.9794573783874512, 0.9837209582328796, 0.9813953638076782, 0.9795524477958679, 0.9844961166381836, 0.9821705222129822, 0.9802325367927551, 0.984883725643158, 0.9879844784736633, 0.9829457402229309, 0.9864341020584106, 0.9794573783874512, 0.9833333492279053, 0.977623462677002, 0.9817829728126526, 0.9879844784736633, 0.9879844784736633, 0.9786821603775024, 0.9806201457977295, 0.9884259104728699, 0.9844961166381836, 0.9891975522041321, 0.9856589436531067, 0.9771317839622498], "val_loss": [0.525303065776825, 0.3116894066333771, 0.05895193666219711, 0.05021122097969055, 0.12552164494991302, 0.018275173380970955, 0.006514414679259062, 0.02722705528140068, 0.0007753796526230872, 0.0005632960819639266, 0.015581047162413597, 9.256229532184079e-05, 6.518086138385115e-06, 0.0006253443425521255, 0.2726017236709595, 9.18638106668368e-05, 0.002234899904578924, 6.016022962285206e-05, 0.4709891378879547, 0.004573986399918795, 6.295617254181707e-07, 4.3892521262023365e-07, 1.120791353059758e-06, 1.1509035857670824e-06, 1.105562077441391e-07, 1.0973290955007542e-05, 0.004175187554210424, 0.00059833365958184, 0.002158700954169035, 7.059842914713954e-07, 1.7845184174802853e-07, 5.0875594752142206e-05, 3.60511898112037e-10, 1.0040359484264627e-05, 0.0004315490077715367, 0.0, 0.01537119410932064, 0.0, 0.0037240933161228895, 0.0, 5.491751053909866e-08, 0.0, 0.0, 1.2280324881430715e-05, 2.7731893062591553, 0.0, 0.0, 6.986711377976462e-05, 0.0, 3.8139849493745714e-05], "val_accuracy": [0.7923387289047241, 0.9193548560142517, 0.9969757795333862, 1.0, 0.9485887289047241, 0.9909273982048035, 1.0, 0.9939516186714172, 1.0, 1.0, 1.0, 1.0, 1.0, 1.0, 0.944556474685669, 1.0, 1.0, 1.0, 0.9294354915618896, 0.9979838728904724, 1.0, 1.0, 1.0, 1.0, 1.0, 1.0, 1.0, 1.0, 1.0, 1.0, 1.0, 1.0, 1.0, 1.0, 1.0, 1.0, 1.0, 1.0, 1.0, 1.0, 1.0, 1.0, 1.0, 1.0, 0.8104838728904724, 1.0, 1.0, 1.0, 1.0, 1.0]}